{
    "loss": 0.13141527771949768,
    "accuracy": 0.9604779481887817
}